<?xml version="1.0" encoding="UTF-8"?>
<!DOCTYPE mapper PUBLIC "//mybatis.org/DTD Mapper 3.0//EN" "http://mybatis.org/dtd/mybatis-3-mapper.dtd">
<mapper namespace="com.future.my.pro.dao.IProDAO">
	
	<select id="fishInfo" resultType="ProVO" parameterType="ProVO">
			SELECT title, img, price
			FROM fish_tank
	</select>
	
	<select id="cleanInfo" resultType="ProVO" parameterType="ProVO">
			SELECT title, img, price
			FROM cleaner
	</select>
	
	<select id="heatInfo" resultType="ProVO" parameterType="ProVO">
			SELECT title, img, price
			FROM heater
	</select>
	
	<select id="foodInfo" resultType="ProVO" parameterType="ProVO">
			SELECT title, img, price
			FROM food
	</select>
	
	<select id="lightInfo" resultType="ProVO" parameterType="ProVO">
			SELECT title, img, price
			FROM light
	</select>
	
	<select id="shoreInfo" resultType="ProVO" parameterType="ProVO">
			SELECT title, img, price
			FROM shore
	</select>
	
	
	
</mapper>