<?xml version="1.0" encoding="UTF-8"?>
<!DOCTYPE mapper PUBLIC "//mybatis.org/DTD Mapper 3.0//EN" "http://mybatis.org/dtd/mybatis-3-mapper.dtd">
<mapper namespace="com.future.my.member.dao.IMemberDAO">
	<insert id="registMember" parameterType="com.future.my.member.vo.MemberVO">
		
		  INSERT INTO members (mem_id, mem_pw, mem_nm) 
  		  VALUES (#{memId}, #{memPw}, #{memNm})
  		  
	</insert>
	<!-- parameterType(input) resultType(output) -->
	<select id="loginMember" parameterType="MemberVO" resultType="MemberVO">
	
		  SELECT mem_id
		       , mem_pw
		       , mem_nm
		       , mem_addr
		       , profile_img
		  FROM members
		  WHERE use_yn = 'Y'
		  AND mem_id = #{memId}

	</select>
	
	<update id="profileUpload" parameterType="MemberVO">
			UPDATE members
			SET profile_img = #{profileImg}
			  , update_dt = SYSDATE
			WHERE mem_id = #{memId}
	</update>
	
	<select id="getCalendarList" parameterType="String" resultType="CalendarVO">
		SELECT a.cal_no,
		    a.cal_title,
		    a.cal_start,
		    a.cal_end,
		    a.cal_bg_color
		FROM calendar a, members b
		WHERE a.mem_id = b.mem_id
		AND a.mem_id = #{memId}
		AND a.use_yn ='Y'
	</select>
	
	<insert id="calendarInsert" parameterType="CalendarVO">
		<selectKey keyProperty="calNo" resultType="int" order="BEFORE">
			SELECT calendar_seq.NEXTVAL
			FROM dual
		</selectKey>
		INSERT INTO calendar(cal_no, cal_title, cal_start, mem_id)
		VALUES(#{calNo}, #{calTitle}, #{calStart}, #{memId})
	</insert>
</mapper>