<?xml version="1.0" encoding="UTF-8"?>
<!DOCTYPE mapper PUBLIC "//mybatis.org/DTD Mapper 3.0//EN" "http://mybatis.org/dtd/mybatis-3-mapper.dtd">
<mapper namespace="com.future.my.chat.dao.IChatDAO">

	<select id="getRoomList" resultType="RoomVO">
		SELECT a.room_no
		     , a.room_name
		     , b.mem_id
		     , b.mem_nm
		     , a.reg_date
		FROM rooms a, members b 
		WHERE a.mem_id = b.mem_id
		AND a.del_yn ='N'
		ORDER BY a.reg_date DESC
	</select>
	
	<select id="getChatList" parameterType="int" resultType="ChatVO">
		SELECT a.chat_no
		     , b.mem_id
		     , b.mem_nm
		     , a.room_no
		     , a.chat_msg
		     , NVL(b.profile_img,'/assets/img/non.png') as profile_img
		     , TO_CHAR(a.send_date, 'RR/MM/DD HH24:MI') as send_date
		FROM chatlog a, members b
		WHERE a.mem_id = b.mem_id
		AND   a.room_no =#{roomNo}
		ORDER BY chat_no
	</select>
	
	<insert id="createRoom" parameterType="RoomVO" >
		
		<selectKey keyProperty="roomNo" resultType="int" order="BEFORE">
			SELECT room_seq.NEXTVAL FROM DUAL
		</selectKey>
		
		INSERT INTO rooms (room_no, room_name, mem_id)
		VALUES (#{roomNo}, #{roomName}, #{memId})
		
	</insert>
	
	<insert id="insertChat" parameterType="ChatVO" >
		<selectKey keyProperty="chatNo" resultType="int" order="BEFORE">
			SELECT chat_seq.NEXTVAL FROM DUAL
		</selectKey>
		INSERT INTO chatlog(chat_no, room_no, mem_id, chat_msg, send_date)
		VALUES(#{chatNo}, #{roomNo}, #{memId}, #{chatMsg}
		       ,TO_DATE(#{sendDate}, 'yyyy/MM/dd HH24:mi') )
	
	</insert>
	
    <select id="getMovieList" resultType="String">
	    	SELECT movie_nm
			FROM movie_box_office
			GROUP BY movie_nm
			ORDER BY MAX(open_dt) DESC, movie_nm
    </select>
    
    <select id="getMovieBoxOffice" resultType="map" parameterType="String" >
	   		SELECT to_char(target_dt,'YYYY-MM-DD') AS target_dt
			     , sales_acc
			     , audi_acc
			FROM movie_box_office
			WHERE movie_nm = #{movieNm}
			ORDER BY target_dt
    </select>
	
	
	
</mapper>