<?xml version="1.0" encoding="UTF-8"?>
<!DOCTYPE mapper PUBLIC "//mybatis.org/DTD Mapper 3.0//EN" "http://mybatis.org/dtd/mybatis-3-mapper.dtd">
<mapper namespace="com.future.my.common.dao.ICodeDAO">

	<select id="getCodeList" parameterType="String" resultType="CodeVO">
	
		SELECT comm_cd
		      ,comm_nm
		      ,comm_parent
		FROM comm_code
		<choose>
			<when test="commParent==null">
				WHERE comm_parent IS NULL
			</when>
			<otherwise>
				WHERE comm_parent = #{commParent}
			</otherwise>
		</choose>

	</select>
	
	
</mapper>