<?xml version="1.0" encoding="UTF-8"?>
<!DOCTYPE mapper PUBLIC "//mybatis.org/DTD Mapper 3.0//EN" "http://mybatis.org/dtd/mybatis-3-mapper.dtd">
<mapper namespace="com.future.my.pro.dao.IProDAO">
	
	<!-- 어항 상품 출력 -->
	<select id="fishCnt" resultType="int" parameterType="FishtankSearchVO">
	
	        SELECT count(*)
			FROM fishtank_search  
                    <if test="fishtankType != null and fishtankType.size() > 0">
			                where fishtank_type IN
				                           <foreach item="item" collection="fishtankType" open="(" separator="," close=")">
										        #{item}
											</foreach>
						    </if>
              order by fishtank_no
			                
	</select>
	
	<select id="fishInfo" resultType="ProVO" parameterType="FishtankSearchVO">
			SELECT *
			FROM (
			        SELECT   rownum as rnum
			               , a.*
			        FROM (
			                SELECT fishtank_no
			                     , fishtank_title
			                     , fishtank_href
			                     , fishtank_img
			                     , fishtank_type
			                FROM fishtank_search  
			                 <if test="fishtankType != null and fishtankType.size() > 0">
			                where fishtank_type IN
				                           <foreach item="item" collection="fishtankType" open="(" separator="," close=")">
										        #{item}
											</foreach>
						    </if>
			                order by fishtank_no
			             ) a
			     ) 
			WHERE rnum BETWEEN #{firstRow} AND #{lastRow}
	</select>
	
	<select id="categoryInfo" resultType="ProjectVO" parameterType="ProjectVO">
		SELECT distinct goods_category
		FROM goods
	</select>
	
	<select id="contentInfo" resultType="ProjectVO" parameterType="ProjectVO">
		SELECT goods_title,
		    goods_href,
		    goods_img,
		    goods_price
		FROM goods
	</select>
	
<!-- 	SELECT goods_category, -->
<!-- 			goods_no, -->
<!-- 			goods_title, -->
<!-- 			goods_href, -->
<!-- 			goods_img, -->
<!-- 			goods_price, -->
<!-- 			goods_type -->
<!-- 		FROM goods -->
	
	<!-- 여과기 상품 출력 -->
	<select id="cleanInfo" resultType="ProVO" parameterType="ProVO">
			SELECT title, href, img, price
			FROM cleaner
	</select>
	<!-- 히터기 상품 출력 -->
	<select id="heatInfo" resultType="ProVO" parameterType="ProVO">
			SELECT title, href, img, price
			FROM heater
	</select>
	<!-- 사료/영양제 상품 출력 -->
	<select id="foodInfo" resultType="ProVO" parameterType="ProVO">
			SELECT title, href, img, price
			FROM food
	</select>
	<!-- 소켓/조명 상품 출력 -->
	<select id="lightInfo" resultType="ProVO" parameterType="ProVO">
			SELECT title, href, img, price
			FROM light
	</select>
	<!-- 육지 상품 출력 -->
	<select id="shoreInfo" resultType="ProVO" parameterType="ProVO">
			SELECT title, href, img, price
			FROM shore
	</select>
	
	<!-- 어항 옵션 선택 -->
	<select id="fishtankSearchInfo" resultType="FishtankSearchVO" parameterType="FishtankSearchVO">
			SELECT fishtank_no, fishtank_title, fishtank_href, fishtank_img
			FROM fishtank_search
			WHERE fishtank_type IN
		  <foreach item="arr" collection="array" open="(" separator="," close=")">
		        #{fishtankType}
		  </foreach>
<!-- 		  	AND fishtank_width IN -->
<!-- 		  <foreach item="item" index="index" collection="list" -->
<!-- 		      open="(" separator="," close=")"> -->
<!-- 		        #{fishtankWidth} -->
<!-- 		  </foreach> -->
<!-- 		  	AND fishtank_length IN -->
<!-- 		  <foreach item="item" index="index" collection="list" -->
<!-- 		      open="(" separator="," close=")"> -->
<!-- 		        #{fishtankLength} -->
<!-- 		  </foreach> -->
<!-- 		  	AND fishtank_height IN -->
<!-- 		  <foreach item="item" index="index" collection="list" -->
<!-- 		      open="(" separator="," close=")"> -->
<!-- 		        #{fishtankHeight} -->
<!-- 		  </foreach> -->
	</select>
	
	<!-- 여과기 옵션 선택 -->
	<select id="cleanerSearchInfo" resultType="CleanerSearchVO" parameterType="CleanerSearchVO">
			SELECT cleaner_no, cleaner_title, cleaner_href, cleaner_img, cleaner_price
			FROM cleaner_search
			WHERE cleaner_type IN (${cleanerType})
	</select>
	<!-- 히터기 옵션 선택 -->
	<select id="heaterSearchInfo" resultType="HeaterSearchVO" parameterType="HeaterSearchVO">
			SELECT heater_no, heater_title, heater_href, heater_img, heater_price
			FROM heater_search
			WHERE heater_type IN (${heaterType})
	</select>
	<!-- 사료 옵션 선택 -->
	<select id="foodSearchInfo" resultType="FoodSearchVO" parameterType="FoodSearchVO">
		SELECT food_no, food_title, food_href, food_img, food_price
		FROM food_search
		WHERE food_type IN (${foodType});
	</select>
	<!-- 조명 옵션 선택 -->
	<select id="lightSearchInfo" resultType="LightSearchVO" parameterType="LightSearchVO">
	
	</select>
	<!-- 육지 옵션 선택 -->
	<select id="shoreSearchInfo" resultType="ShoreSearchVO" parameterType="ShoreSearchVO">
	
	</select>
	
	<!-- 어항 체크박스 출력 -->
	<select id="fishtankCheckInfo" resultType="FishtankCheckVO" parameterType="FishtankCheckVO">
		SELECT fishtankcheck_type, fishtankcheck_width, fishtankcheck_length, fishtankcheck_height
		FROM fishtank_check
	</select>
</mapper>