<?xml version="1.0" encoding="UTF-8"?>
<!DOCTYPE configuration
  PUBLIC "-//mybatis.org//DTD Config 3.0//EN"
  "http://mybatis.org/dtd/mybatis-3-config.dtd">
<configuration>
	<settings>
	  <!-- Oracle 테이블의 컬럼이 mem_id 이고, DTO의 필드변수가 memId 일때 매칭이 가능하게 하는 옵션 -->
	  <setting name="mapUnderscoreToCamelCase" value="true"/> 
	  <!-- 널허용 -->
	  <setting name="jdbcTypeForNull" value="NULL" />
	</settings>
	<typeAliases>
		<!-- 별칭으로 사용 등록 (전체 경로를 mapper에서 쓰지 않아도 됨) -->
		<typeAlias type="com.future.my.member.vo.MemberVO" alias="MemberVO"/>
		
		<typeAlias type="com.future.my.board.vo.BoardVO" alias="BoardVO"/>
		<typeAlias type="com.future.my.board.vo.ReplyVO" alias="ReplyVO"/>
		
		<typeAlias type="com.future.my.common.vo.CodeVO" alias="CodeVO"/>

		<typeAlias type="com.future.my.free.vo.FreeBoardVO" alias="FreeBoardVO"/>
		<typeAlias type="com.future.my.free.vo.FreeBoardSearchVO" alias="FreeBoardSearchVO"/>
		
		<typeAlias type="com.future.my.chat.vo.RoomVO" alias="RoomVO"/>
		<typeAlias type="com.future.my.chat.vo.ChatVO" alias="ChatVO"/>
		
		<typeAlias type="com.future.my.pro.vo.ProVO" alias="ProVO"/>
		<typeAlias type="com.future.my.pro.vo.ProjectVO" alias="ProjectVO"/>
		<typeAlias type="com.future.my.pro.vo.FishtankSearchVO" alias="FishtankSearchVO"/>
		<typeAlias type="com.future.my.pro.vo.CleanerSearchVO" alias="CleanerSearchVO"/>
		<typeAlias type="com.future.my.pro.vo.HeaterSearchVO" alias="HeaterSearchVO"/>
		<typeAlias type="com.future.my.pro.vo.FoodSearchVO" alias="FoodSearchVO"/>
		<typeAlias type="com.future.my.pro.vo.LightSearchVO" alias="LightSearchVO"/>
		<typeAlias type="com.future.my.pro.vo.ShoreSearchVO" alias="ShoreSearchVO"/>
		<typeAlias type="com.future.my.pro.vo.FishtankCheckVO" alias="FishtankCheckVO"/>
	</typeAliases>
</configuration>